{
"title": "Тест по охране труда",
"mainImageUrl": "",
"minCountOfRightAnswers":8,
"minPercentOfRightAnswers":80,
"testTimeInSeconds":10,
"questions":
[
 {
   "No.": 1,
   "question": " Какое определение понятия «охрана труда» будет верным?", 
   "imageUrl": "", 
   "answers": [
      "Охрана труда - система сохранения жизни и здоровья работников в процессе трудовой деятельности, включающая в себя правовые, социально- экономические, организационно-технические, санитарно-гигиенические, лечебно-профилактические, реабилитационные и иные мероприятия  ",
      "Охрана труда - совокупность факторов производственной среды и трудового процесса, оказывающих влияние на работоспособность и здоровье людей",
      "Охрана труда - это техника безопасности и гигиена труда"
   ],
   "correct": [0]
},
{
   "No.": 2,
   "question": " Что является основными направлениями государственной политики в области охраны труда", 
   "imageUrl": "", 
   "answers": [
      "Обеспечение приоритета сохранения жизни и здоровья работников",
      "Государственное управление охраной труда",
      "Профилактика несчастных случаев и повреждения здоровья работников",
      "Установление гарантий и компенсаций за работу с вредными и (или) опасными условиями труда",
      "Все варианты верны.  "
   ],
   "correct": [4]
},
{
   "No.": 3,
   "question": " Государственные нормативные требования охраны труда обязательны для", 
   "imageUrl": "", 
   "answers": [
      "Юридических лиц при эксплуатации объектов",
      "Юридических и физических лиц при эксплуатации объектов",
      "Юридических и физических лиц при осуществлении ими любых видов деятельности  "
   ],
   "correct": [2]
},
{
   "No.": 4,
   "question": " Кто устанавливает порядок разработки, утверждения и изменения подзаконных нормативных правовых актов, содержащих государственные нормативные требования охраны труда", 
   "imageUrl": "", 
   "answers": [
      "Правительство Российской Федерации",
      "Правительство Российской Федерации с учетом мнения Российской трехсторонней комиссии по регулированию социально-трудовых отношений  ",
      "Правительство Российской Федерации с учетом мнения организации профсоюзов"
   ],
   "correct": [1]
},
{
   "No.": 5,
   "question": " В обязанности работодателя по обеспечению безопасных условий и охраны труда входит", 
   "imageUrl": "", 
   "answers": [
      "Обучение безопасным методам и приемам выполнения работ и оказанию первой помощи пострадавшим на производстве",
      "Организация контроля за состоянием условий труда на рабочих местах",
      "Проведение специальной оценки условий труда",
      "Обеспечение сертифицированных средств индивидуальной и коллективной защиты",
      "Все варианты верны  "
   ],
   "correct": [4]
},
{
   "No.": 6,
   "question": " В каких случаях работники должны проходить обязательные периодические медицинские осмотры?", 
   "imageUrl": "", 
   "answers": [
      "Если работники заняты на работах с вредными и (или) опасными условиями труда (в том числе на подземных работах), а также на работах, связанных с движением транспорта  ",
      "Если работник отсутствовал по болезни на рабочем месте более 3 месяцев",
      "При перерыве в работе более 1 года"
   ],
   "correct": [0]
},
{
   "No.": 7,
   "question": " Цель прохождения предварительных и периодических медицинских осмотров", 
   "imageUrl": "", 
   "answers": [
      "Определение пригодности для выполнения поручаемой работы, предупреждение профессиональных заболеваний  ",
      "Выявление инфекционных заболеваний и направление на лечение",
      "Выявление хронических заболеваний и направление на лечение"
   ],
   "correct": [0]
},
{
   "No.": 8,
   "question": " Обязанности  работника в области охраны труда", 
   "imageUrl": "", 
   "answers": [
      "Соблюдать требования охраны труда",
      "Правильно применять средства индивидуальной и коллективной защиты",
      "Проходить обучение безопасным методам и приемам выполнения работ по охране труда, оказанию первой помощи при несчастных случаях на производстве, инструктаж по охране труда, стажировку на рабочем месте, проверку знаний требований охраны труда",
      "Все варианты верны  "
   ],
   "correct": [3]
},
{
   "No.": 9,
   "question": " О чем работник обязан немедленно известить своего руководителя", 
   "imageUrl": "", 
   "answers": [
      "О любой ситуации, угрожающей жизни и здоровью людей",
      "О каждом несчастном случае, происшедшем на производстве",
      "Об ухудшении состояния своего здоровья",
      "Все варианты верны  "
   ],
   "correct": [3]
},
{
   "No.": 10,
   "question": " Что необходимо для принятия в эксплуатацию новых или реконструируемых производственных объектов", 
   "imageUrl": "", 
   "answers": [
      "Решение налогового органа",
      "Заключение федеральных органов исполнительной власти, осуществляющих функции по контролю и надзору в установленной сфере деятельности  ",
      "Все варианты верны"
   ],
   "correct": [1]
},
{
   "No.": 11,
   "question": " Государственное управление охраной труда осуществляется", 
   "imageUrl": "", 
   "answers": [
      "Правительством Российской Федерации непосредственно или по его поручению и федеральным органом исполнительной власти  ",
      "Министерством здравоохранения и социального развития Российской Федерации",
      "Ростехнадзором"
   ],
   "correct": [0]
},
{
   "No.": 12,
   "question": " Допускается ли выполнение функций специалиста  по охране труда на небольшом (малом) предприятии специалистом, оказывающим услуги в области охраны труда? ", 
   "imageUrl": "", 
   "answers": [
      "Нет, не допускается",
      "Допускается по гражданско-правовому договору с организацией или специалистами, оказывающими услуги в области охраны труда  ",
      "Допускается с разрешения органов надзора"
   ],
   "correct": [1]
},
{
   "No.": 13,
   "question": " На службу охраны труда организации возлагаются задачи", 
   "imageUrl": "", 
   "answers": [
      "Проведение стажировки на рабочем месте",
      "Обеспечение соблюдения требований охраны труда работниками, осуществление контроля за их выполнением  ",
      "Разработка инструкций по охране труда для работников"
   ],
   "correct": [1]
},
{
   "No.": 14,
   "question": " В сферу деятельности комитетов (комиссии) по охране труда входит:", 
   "imageUrl": "", 
   "answers": [
      "Обеспечение требований охраны труда",
      "Предупреждение производственного травматизма и профессиональных заболеваний",
      "Проведение проверок условий и охраны труда на рабочих местах",
      "Все варианты верны  "
   ],
   "correct": [3]
},
{
   "No.": 15,
   "question": " Каждый работник имеет право на", 
   "imageUrl": "", 
   "answers": [
      "Рабочее место, соответствующее требованиям охраны труда",
      "Обучение безопасным методам и приемам труда за счет средств работодателя",
      "Обеспечение средствами индивидуальной и коллективной защиты в соответствии с требованиями охраны труда за счет средств работодателя",
      "Все варианты верны  "
   ],
   "correct": [3]
},
{
   "No.": 16,
   "question": " Кем определяются нормы и условия бесплатной выдачи молока, лечебно-профилактического питания, порядок осуществления компенсационной", 
   "imageUrl": "", 
   "answers": [
      "Правительством Российской Федерации, с учетом мнения Российской трехсторонней комиссии по регулированию социально-трудовых отношений  ",
      "Профсоюзной организацией предприятия",
      "Решением работодателя"
   ],
   "correct": [0]
},
{
   "No.": 17,
   "question": " Кем устанавливаются повышенные или дополнительные компенсации за работу  с вредными и(или) опасными условиями труда?", 
   "imageUrl": "", 
   "answers": [
      "Правительством Российской Федерации, с учетом мнения Российской трехсторонней комиссии по регулированию социально-трудовых отношений",
      "Коллективным договором и локальными нормативными актами с учетом финансово-экономического положения работодателя  ",
      "Все варианты верны"
   ],
   "correct": [1]
},
{
   "No.": 18,
   "question": " Компенсации работникам, занятым на работах с вредными и (или) опасными условиями труда не устанавливаются в случаях:", 
   "imageUrl": "", 
   "answers": [
      "Обеспечения на рабочих местах безопасных условий труда, подтвержденных результатами специальной оценки условий труда  ",
      "Отсутствия финансово-экономической возможности у работодателя",
      "По решению работодателя, согласованного с профсоюзным комитетом организации"
   ],
   "correct": [0]
},
{
   "No.": 19,
   "question": " В случае временного запрета деятельности предприятия вследствие нарушения государственных нормативных требований охраны труда не по вине работника", 
   "imageUrl": "", 
   "answers": [
      "Работник переводится на нижеоплачиваемую работу сроком до 6 месяцев",
      "Работник временно переводится на нижеоплачиваемую работу сроком до 3 месяцев",
      "За работником сохраняются место работы и средний заработок  "
   ],
   "correct": [2]
},
{
   "No.": 20,
   "question": " При отказе работника от выполнения работ в случае возникновения опасности для его жизни и здоровья работодатель обязан", 
   "imageUrl": "", 
   "answers": [
      "Предоставить работнику отпуск без сохранения заработной платы",
      "Предоставить работнику внеплановый отпуск",
      "Предоставить работнику другую работу на время устранения опасности  "
   ],
   "correct": [2]
},
{
   "No.": 21,
   "question": " В каких случаях работникам бесплатно выдаются прошедшие обязательную сертификацию или декларирование соответствия специальная одежда, специальная обувь и другие средства индивидуальной защиты?", 
   "imageUrl": "", 
   "answers": [
      "На работах с вредными и (или) опасными условиями труда",
      "На работах, выполняемых в особых температурных условиях",
      "На работах, связанных с загрязнением",
      "Все варианты верны  "
   ],
   "correct": [3]
},
{
   "No.": 22,
   "question": " Может ли работодатель с учетом мнения выборного органа первичной профсоюзной организации или иного представительного органа работников и своего финансово-экономического положения  устанавливать нормы бесплатной выдачи специальной одежда, специальной обуви и других средств индивидуальной защиты?", 
   "imageUrl": "", 
   "answers": [
      "Может",
      "Не может",
      "Только в случае улучшения по сравнению с типовыми нормами защиты работников от имеющихся на рабочих местах вредных и (или) опасных факторов, а также особых температурных условий или загрязнения  "
   ],
   "correct": [2]
},
{
   "No.": 23,
   "question": " Кто осуществляет хранение, стирку, сушку, ремонт и замену специальной одежды, специальной обуви и других средств индивидуальной защиты?", 
   "imageUrl": "", 
   "answers": [
      "Работник, получивший специальной одежды, специальной обуви и других средств индивидуальной защиты",
      "Работодатель  ",
      "Подрядная организация, с которой заключен договор на оказание подобного рода услуг"
   ],
   "correct": [1]
},
{
   "No.": 24,
   "question": " Работник должен быть обеспечен своевременно средствами индивидуальной защиты за счет:", 
   "imageUrl": "", 
   "answers": [
      "Работодателя  ",
      "Средств социального страхования",
      "Государственных фондов",
      "За счет собственных средств"
   ],
   "correct": [0]
},
{
   "No.": 25,
   "question": " В каких случаях работникам выдаются бесплатно молоко или другие равноценные пищевые продукты?", 
   "imageUrl": "", 
   "answers": [
      "На работах с вредными условиями труда  ",
      "На работах с опасными условиями труда",
      "На работах с вредными и опасными условиями труда"
   ],
   "correct": [0]
},
{
   "No.": 26,
   "question": " В каких случаях работникам предоставляется бесплатно лечебно-профилактическое питание?", 
   "imageUrl": "", 
   "answers": [
      "На работах с вредными условиями труда",
      "На работах с опасными условиями труда",
      "На работах с особо вредными условиями труда  ",
      "Все варианты верны"
   ],
   "correct": [2]
},
{
   "No.": 27,
   "question": " Что входит в обязанность работодателя при санитарно-бытовом и лечебно-профилактическом обслуживании работников?", 
   "imageUrl": "", 
   "answers": [
      "Оборудование санитарно-бытовых помещений",
      "Помещений для приема пищи",
      "Создание постов для оказания первой помощи, укомплектованные для оказания первой помощи",
      "Оборудование комнаты для отдыха и психологической разгрузки",
      "Все варианты верны  "
   ],
   "correct": [4]
},
{
   "No.": 28,
   "question": " Для всех поступающих на работу лиц, а также работников, переводимых на другую работу, работодатель обязан:", 
   "imageUrl": "", 
   "answers": [
      "Проводить инструктаж по охране труда",
      "Организовывать обучение безопасным методам и приемам выполнения работ",
      "Организовывать обучение по оказанию первой помощи пострадавшим",
      "Все варианты верны  "
   ],
   "correct": [3]
},
{
   "No.": 29,
   "question": " Для лиц, поступающих на работу с вредными и (или) опасными условиями труда работодатель обязан организовать:", 
   "imageUrl": "", 
   "answers": [
      "Обучение безопасным методам и приемам выполнения работ",
      "Стажировку на рабочем месте",
      "Сдачу экзаменов",
      "Проведение периодического обучения по охране труда",
      "Проверку знаний требований охраны труда в период работы",
      "Все варианты верны  "
   ],
   "correct": [5]
},
{
   "No.": 30,
   "question": " Финансирование мероприятий по улучшению условий и охраны труда  осуществляется за счёт:", 
   "imageUrl": "", 
   "answers": [
      "Средств федерального бюджета",
      "Местных бюджетов",
      "Бюджетов субъектов Российской Федерации",
      "Все варианты верны  "
   ],
   "correct": [3]
},
{
   "No.": 31,
   "question": " Финансирование мероприятий по улучшению условий и охраны труда работодателями (за исключением государственных унитарных предприятий и федеральных учреждений) осуществляется в размере", 
   "imageUrl": "", 
   "answers": [
      "Не менее 0,2 процента суммы затрат на производство продукции (работ, услуг)  ",
      "Не менее 0, 2 процента от суммы прибыли",
      "Не менее 1,0 процента от рентабельности"
   ],
   "correct": [1]
},
{
   "No.": 32,
   "question": " Подлежит ли расследованию несчастный случай, произошедший при следовании к месту выполнения работы или с работы на транспортном средстве, предоставленном работодателем (его представителем), либо на личном транспортном средстве в случае использования личного транспортного средства в производственных (служебных) целях по распоряжению работодателя (его представителя)?", 
   "imageUrl": "", 
   "answers": [
      "Подлежит  ",
      "Не подлежит",
      "Подлежит, если работник соблюдал требования безопасности, изложенные в производственных инструкциях и инструкциях по охране труда"
   ],
   "correct": [0]
},
{
   "No.": 33,
   "question": " Подлежит ли расследованию несчастный случай, произошедший при следовании к месту служебной командировки и обратно, во время служебных поездок на общественном или служебном транспорте, а также при следовании по распоряжению работодателя (его представителя) к месту выполнения работы (поручения) и обратно, в том числе пешком", 
   "imageUrl": "", 
   "answers": [
      "Подлежит  ",
      "Не подлежит",
      "Подлежит, если работник соблюдал требования безопасности, изложенные в производственных инструкциях и инструкциях по охране труда"
   ],
   "correct": [0]
},
{
   "No.": 34,
   "question": " При несчастных случаях работодатель (его представитель) обязан", 
   "imageUrl": "", 
   "answers": [
      "Немедленно организовать первую помощь пострадавшему и при необходимости доставку его в медицинскую организацию",
      "Принять неотложные меры по предотвращению развития аварийной или иной чрезвычайной ситуации и воздействия травмирующих факторов на других лиц",
      "Сохранить до начала расследования несчастного случая обстановку, какой она была на момент происшествия, если это не угрожает жизни и здоровью других лиц и не ведет к катастрофе, аварии или возникновению иных чрезвычайных обстоятельств, а в случае невозможности ее сохранения - зафиксировать сложившуюся обстановку (составить схемы, провести фотографирование или видеосъемку, другие мероприятия)",
      "Немедленно проинформировать о несчастном случае органы и организации, указанные в Кодексе, других федеральных законах и иных нормативных правовых актах Российской Федерации, а о тяжелом несчастном случае или несчастном случае со смертельным исходом - также родственников пострадавшего",
      "Все варианты верны.  "
   ],
   "correct": [4]
},
{
   "No.": 35,
   "question": " Кто формирует комиссию по расследованию несчастного случая на производстве?", 
   "imageUrl": "", 
   "answers": [
      "Работодатель незамедлительно образует комиссию не менее трех человек  ",
      "Специалист по охране труда создает комиссию в количестве не менее трех человек",
      "Государственный инспектор труда"
   ],
   "correct": [0]
},
{
   "No.": 36,
   "question": " В каких случаях в состав комиссии по расследованию несчастного случая    на    производстве    в    обязательном    порядке    включаются государственный инспектор труда, представители органа исполнительной власти    субъекта    Российской    Федерации    или    органа    местного самоуправления   (по  согласованию),   представитель  территориального объединения профессиональных союзов?", 
   "imageUrl": "", 
   "answers": [
      "При гибели в результате несчастного случая более двух работников",
      "При расследовании группового несчастного случая на производстве, тяжелого несчастного случая на производстве, несчастного случая на производстве со смертельным исходом  ",
      "При групповом несчастном случае с числом погибших пять человек и более",
      "Если пострадало более десяти человек с возможным тяжелым инвалидным исходом"
   ],
   "correct": [1]
},
{
   "No.": 37,
   "question": " Несчастный случай, происшедший с лицом, выполнявшим по поручению работодателя (его представителя) работу на выделенном в установленном порядке участке другого работодателя, расследуется", 
   "imageUrl": "", 
   "answers": [
      "Комиссией, образованной работодателем, производящим эту работу, с обязательным участием представителя работодателя, на территории которого она проводилась  ",
      "Комиссией, образованной работодателем, производящим эту работу",
      "Комиссией, образованной работодателем, на территории которого работа проводилась"
   ],
   "correct": [0]
},
{
   "No.": 38,
   "question": " Смерть вследствие общего заболевания или самоубийства, подтвержденная в установленном порядке соответственно медицинской организацией, органами следствия или судом", 
   "imageUrl": "", 
   "answers": [
      "Расследованию не подлежат",
      "Расследованию подлежат, несчастный случай квалифицируется как связанный с производством и оформляется актом формы Н-1",
      "Расследуются в установленном порядке и по решению комиссии в зависимости от конкретных обстоятельств могут квалифицироваться как несчастные случаи, не связанные с производством  "
   ],
   "correct": [2]
},
{
   "No.": 39,
   "question": " С учетом заключения какого органа комиссия по расследованию несчастного случая на производстве может установить факт грубой неосторожности пострадавшего", 
   "imageUrl": "", 
   "answers": [
      "Государственной инспекции труда",
      "Фонда социального страхования",
      "Работодателя",
      "Выборного органа первичной профсоюзной организации или иного уполномоченного работниками органа комиссия  "
   ],
   "correct": [3]
},
{
   "No.": 40,
   "question": " Акт по форме Н-1 оформляется:", 
   "imageUrl": "", 
   "answers": [
      "В одном экземпляре",
      "В двух экземплярах при страховом случае",
      "В трех экземплярах при страховом случае  "
   ],
   "correct": [2]
},
{
   "No.": 41,
   "question": " В какой срок после окончания расследования несчастного  случая пострадавшему выдается акт формы Н-1?", 
   "imageUrl": "", 
   "answers": [
      "В течение суток",
      "В трехдневный срок  ",
      "В течение месяца"
   ],
   "correct": [1]
},
{
   "No.": 42,
   "question": " Срок хранения акта о расследовании несчастного случая и место их хранения?", 
   "imageUrl": "", 
   "answers": [
      "Акт о расследовании несчастного случая вместе с материалами расследования хранится в организации 45 лет  ",
      "Акт о расследовании несчастного случая вместе с материалами расследования хранится в надзорных органах 75лет",
      "Акт о расследовании несчастного случая вместе с материалами расследования хранится в Государственной инспекции труда 45 лет"
   ],
   "correct": [0]
},
{
   "No.": 43,
   "question": " Какие органы могут расследовать заявление пострадавшего работника при его несогласии с результатами расследования?", 
   "imageUrl": "", 
   "answers": [
      "Федеральные органы исполнительной власти, уполномоченные на осуществление федерального государственного надзора за соблюдением трудового законодательства",
      "Территориальные органы федеральных органов исполнительной власти, уполномоченных на осуществление федерального государственного надзора за соблюдением трудового законодательства",
      "Все варианты верны  "
   ],
   "correct": [2]
},
{
   "No.": 44,
   "question": " На каких работах, из перечисленных, запрещается применение труда лиц моложе 18 лет? ", 
   "imageUrl": "", 
   "answers": [
      "На работах с опасными условиями труда",
      "На работах с вредными условиями труда",
      "На подземных работах",
      "Все варианты верны  "
   ],
   "correct": [3]
},
{
   "No.": 45,
   "question": " Применение труда женщин запрещается на работах", 
   "imageUrl": "", 
   "answers": [
      "Связанных с ночными сменами",
      "Связанных с подъемом и перемещением вручную тяжестей, превышающих предельно допустимые для них нормы  ",
      "Связанных с санитарным и бытовым обслуживанием подземных сооружений"
   ],
   "correct": [1]
},
{
   "No.": 46,
   "question": " С какими категориями работников расторжение трудового договора по инициативе работодателя не допускается? ", 
   "imageUrl": "", 
   "answers": [
      "Беременные женщины и женщины, имеющие детей в возрасте от 3 до 14 лет",
      "Беременные женщины и женщины, имеющие детей в возрасте до 3-х лет",
      "Женщины, имеющие детей в возрасте до 3-х лет; одинокие матери, воспитывающие ребенка, воспитывающей ребенка-инвалида в возрасте до восемнадцати лет или малолетнего ребенка - ребенка в возрасте до четырнадцати лет и другими лицами, воспитывающими указанных детей без матери.  "
   ],
   "correct": [2]
},
{
   "No.": 47,
   "question": " Имеет ли право государственный инспектор труда при осуществлении федерального государственного надзора за соблюдением трудового законодательства и иных нормативных правовых актов отстранить от работы  лиц, не прошедших обучение в установленном порядке? ", 
   "imageUrl": "", 
   "answers": [
      "Не имеет право, права госинспектора - только выдача предписаний об отстранении от работы лиц, не прошедших в установленном порядке обучение безопасным методам и приемам выполнения работ, инструктаж по охране труда, стажировку на рабочих местах и проверку знания требований охраны труда  ",
      "Да, государственный инспектор труда может отстранить от работы лиц, не прошедших в установленном порядке обучение безопасным методам и приемам выполнения работ"
   ],
   "correct": [0]
},
{
   "No.": 48,
   "question": " Порядок проведения проверок должностными лицами и органами федеральной инспекции труда определяется:", 
   "imageUrl": "", 
   "answers": [
      "Ратифицированными Российской Федерацией конвенциями Международной организации труда по вопросам инспекции труда",
      "Трудовым Кодексом, иными федеральными законами, а также решениями Правительства Российской Федерации",
      "Все варианты верны  "
   ],
   "correct": [2]
},
{
   "No.": 49,
   "question": " Уполномоченные лица по охране труда профессиональных союзов наделены правами:", 
   "imageUrl": "", 
   "answers": [
      "Осуществление контроля за соблюдением работодателями и их представителями трудового законодательства и иных нормативных правовых актов, содержащих нормы трудового права, выполнением ими условий коллективных договоров, соглашений  ",
      "Поощрять работников за добросовестный эффективный труд",
      "Привлекать работников к дисциплинарной и материальной ответственности в порядке, установленном Трудовым Кодексом, иными федеральными законами"
   ],
   "correct": [0]
},
{
   "No.": 50,
   "question": " К работнику при наличии трудовых отношений предъявляются обязанности, в том числе в области охраны труда:", 
   "imageUrl": "", 
   "answers": [
      "Соблюдать трудовую дисциплину",
      "Выполнять установленные нормы труда",
      "Соблюдать требования по охране труда и по обеспечению безопасности труда",
      "Все варианты верны  "
   ],
   "correct": [3]
},
{
   "No.": 51,
   "question": " Какими правовыми актами из перечисленных регулируются социально-трудовые отношения в организации или у индивидуального предпринимателя и заключаемый работниками и работодателем в лице их представителей? ", 
   "imageUrl": "", 
   "answers": [
      "Трудовым договором",
      "Правилами внутреннего трудового распорядка",
      "Коллективным договором  "
   ],
   "correct": [2]
},
{
   "No.": 52,
   "question": " Сокращенная продолжительность рабочего времени устанавливается:", 
   "imageUrl": "", 
   "answers": [
      "Для работников в возрасте от шестнадцати до восемнадцати лет",
      "Для работников, являющихся инвалидами 1 или II группы",
      "Для работников, условия труда на рабочих местах которых по результатам специальной оценки условий труда отнесены к вредным условиям труда 3 или 4 степени или опасным условиям труда",
      "Все варианты верны  "
   ],
   "correct": [3]
},
{
   "No.": 53,
   "question": " Продолжительность сверхурочной работы, производимая работником по инициативе работодателя, допускается в течение года не более:", 
   "imageUrl": "", 
   "answers": [
      "30 часов",
      "100 часов",
      "120 часов  "
   ],
   "correct": [2]
},
{
   "No.": 54,
   "question": " Работник имеет право на: ", 
   "imageUrl": "", 
   "answers": [
      "Заключение, изменение и расторжение трудового договора в порядке и на условиях, которые установлены ТК РФ, иными федеральными законами",
      "Предоставление ему работы, обусловленной трудовым договором",
      "Рабочее место, соответствующее государственным нормативным требованиям охраны труда и условиям, предусмотренным коллективным договором",
      "Все варианты верны.  "
   ],
   "correct": [3]
},
{
   "No.": 55,
   "question": " Работник обязан: ", 
   "imageUrl": "", 
   "answers": [
      "Добросовестно выполнять свои трудовые обязанности, возложенные на него трудовым договором",
      "Соблюдать требования по охране труда и обеспечению безопасности труда, положения нормативных правовых актов, устанавливающих требования промышленной, экологической, радиационной безопасности, пожаро- и газобезопасности, промышленной санитарии, а также правила ведения работ на опасном производственном объекте и порядок действий в случае аварии или инцидента на опасном производственном объекте",
      "Соблюдать правила внутреннего трудового распорядка и требования иных локальных нормативных актов",
      "Соблюдать трудовую дисциплину",
      "Все варианты верны  "
   ],
   "correct": [4]
},
{
   "No.": 56,
   "question": " Работодатель имеет право:", 
   "imageUrl": "", 
   "answers": [
      "Заключать, изменять и расторгать трудовые договоры с Работниками в порядке и на условиях, которые установлены Трудовым кодексом РФ, иными федеральными законами",
      "Вести коллективные переговоры и заключать коллективные договоры",
      "Поощрять Работников за добросовестный эффективный труд",
      "Все варианты верны  "
   ],
   "correct": [3]
},
{
   "No.": 57,
   "question": " Нормальная продолжительность рабочего времени не может превышать:", 
   "imageUrl": "", 
   "answers": [
      "40 часов в неделю  ",
      "36 часов в неделю",
      "42 часа в неделю"
   ],
   "correct": [0]
},
{
   "No.": 58,
   "question": " Продолжительность рабочей недели, продолжительность ежедневной работы (смены), время начала и окончания работы, время перерывов в работе, число смен в сутки, чередование рабочих и нерабочих дней устанавливается:", 
   "imageUrl": "", 
   "answers": [
      "В графиках рабочего времени (графиках сменности)  ",
      "В инструкциях по охране труда",
      "По решению руководителя подразделения"
   ],
   "correct": [0]
},
{
   "No.": 59,
   "question": " Все графики рабочего времени (графики сменности) на будущий год утверждаются:  ", 
   "imageUrl": "", 
   "answers": [
      "Приказом Работодателя (представителем работодателя)",
      "Приказом Работодателя (представителем работодателя) с учетом мнения выборного органа первичной профсоюзной организации, представляющей интересы большинства Работников  ",
      "Приказом выборного органа первичной профсоюзной организации, представляющей интересы большинства Работников"
   ],
   "correct": [1]
},
{
   "No.": 60,
   "question": " Конкретные режимы рабочего времени устанавливаются: ", 
   "imageUrl": "", 
   "answers": [
      "В распорядительных документах",
      "Непосредственно в трудовых договорах, заключаемых с Работниками  ",
      "В инструкциях по охране труда"
   ],
   "correct": [1]
},
{
   "No.": 61,
   "question": " Допускается ли изменение графиков сменности в течение периода их действия? ", 
   "imageUrl": "", 
   "answers": [
      "Не допускается",
      "Допускается по решению руководителя подразделения",
      "Допускается в исключительных случаях, вызываемых производственной необходимостью, с учетом мнения выборного органа первичной профсоюзной организации, представляющей интересы большинства Работников  "
   ],
   "correct": [2]
},
{
   "No.": 62,
   "question": " При отсутствии подменного персонала замещение отсутствующего Работника производится Работниками из состава других бригад: ", 
   "imageUrl": "", 
   "answers": [
      "Путем издания распоряжения начальника управления по работе с персоналом или иного уполномоченного лица на основании служебной записки руководителя структурного подразделения в порядке, установленном для привлечения Работников к сверхурочной работе или работе в выходные и нерабочие праздничные дни",
      "Путем издания распоряжения руководителем структурного подразделения об изменении состава бригад без изменения основного рабочего места при обязательном соблюдении требований к продолжительности ежедневного (междусменного) и еженедельного отдыха",
      "Все варианты верны  "
   ],
   "correct": [2]
},
{
   "No.": 63,
   "question": " В каком случае работа за пределами установленной продолжительности рабочего времени, ежедневной работы (смены), а также работа сверх нормального количества рабочих часов в учетный период является сверхурочной? ", 
   "imageUrl": "", 
   "answers": [
      "Если она выполнялась Работником по инициативе Работодателя  ",
      "Если она выполнялась Работником по собственной инициативе",
      "Если она выполнялась Работником по инициативе Работодателя или по собственной инициативе"
   ],
   "correct": [0]
},
{
   "No.": 64,
   "question": " Сверхурочные работы не должны превышать для каждого Работника: ", 
   "imageUrl": "", 
   "answers": [
      "Четырех часов в течение двух дней подряд и 120 часов в год  ",
      "Восьми часов в течение двух дней подряд и 120 часов в год",
      "Восьми часов в течение двух дней подряд и 160 часов в год"
   ],
   "correct": [0]
},
{
   "No.": 65,
   "question": " Работодатель или его уполномоченный на это представитель отстраняет от работы (не допускает к работе) Работника: ", 
   "imageUrl": "", 
   "answers": [
      "Появившегося на работе в состоянии алкогольного, наркотического или иного токсического опьянения",
      "Не прошедшего в установленном порядке обучение и проверку знаний и навыков в области охраны труда",
      "Не прошедшего в установленном порядке обязательный предварительный или периодический медицинский осмотр",
      "При выявлении в соответствии с медицинским заключением противопоказаний для выполнения Работником работы, обусловленной трудовым договором",
      "Все варианты верны  "
   ],
   "correct": [4]
},
{
   "No.": 66,
   "question": " За совершение дисциплинарного проступка Работодатель или уполномоченный им на это представитель вправе применить следующие виды дисциплинарных взысканий: ", 
   "imageUrl": "", 
   "answers": [
      "Замечание",
      "Выговор",
      "Увольнение (по соответствующим основаниям)",
      "Все варианты верны  "
   ],
   "correct": [3]
},
{
   "No.": 67,
   "question": " Дисциплинарное взыскание применяется: ", 
   "imageUrl": "", 
   "answers": [
      "Не позднее одного месяца со дня обнаружения проступка",
      "Не позднее одного месяца со дня обнаружения проступка, не считая времени болезни Работника, пребывания его в отпуске, а также времени, необходимого на учет мнения представительного органа Работников  ",
      "Не позднее двух месяцев со дня обнаружения проступка, не считая времени болезни Работника, пребывания его в отпуске, а также времени, необходимого на учет мнения представительного органа Работников"
   ],
   "correct": [1]
},
{
   "No.": 68,
   "question": " Дисциплинарное взыскание не может быть применено позднее: ", 
   "imageUrl": "", 
   "answers": [
      "Шести месяцев со дня совершения проступка  ",
      "Трех месяцев со дня совершения проступка",
      "Четырех месяцев со дня совершения проступка"
   ],
   "correct": [0]
},
{
   "No.": 69,
   "question": " За каждый дисциплинарный проступок может быть применено: ", 
   "imageUrl": "", 
   "answers": [
      "Только одно дисциплинарное взыскание  ",
      "Два дисциплинарных взыскания, учитывая тяжесть проступка",
      "Количество дисциплинарных взысканий не ограничено"
   ],
   "correct": [0]
},
{
   "No.": 70,
   "question": " За добросовестное исполнение трудовых обязанностей применяют меры поощрения работников:", 
   "imageUrl": "", 
   "answers": [
      "Объявление благодарности",
      "Выплата премии",
      "Награждение ценным подарком",
      "Награждение почетной грамотой",
      "Все варианты верны  "
   ],
   "correct": [4]
},
{
   "No.": 71,
   "question": " Если  в течение года со дня применения дисциплинарного взыскания Работник не будет подвергнут новому дисциплинарному взысканию, то: ", 
   "imageUrl": "", 
   "answers": [
      "Работник считается не имеющим дисциплинарного взыскания  ",
      "Руководитель работника может ходатайствовать о снятии дисциплинарного взыскания",
      "Работник может ходатайствовать о снятии дисциплинарного взыскания"
   ],
   "correct": [0]
},
{
   "No.": 72,
   "question": " Работодатель имеет право до истечения года со дня применения дисциплинарного взыскания  снять его с работника: ", 
   "imageUrl": "", 
   "answers": [
      "По собственной инициативе",
      "По просьбе самого Работника",
      "По ходатайству его непосредственного руководителя",
      "По ходатайству представительного органа работников",
      "Все варианты верны  "
   ],
   "correct": [4]
},
{
   "No.": 73,
   "question": " Какой вид инструктажа обязаны проходить вновь принятые на работу лица?", 
   "imageUrl": "", 
   "answers": [
      "Целевой",
      "Первичный",
      "Вводный  ",
      "Повторный"
   ],
   "correct": [2]
},
{
   "No.": 74,
   "question": " Какого вида инструктажа по охране труда не существует?", 
   "imageUrl": "", 
   "answers": [
      "Внепланового",
      "Периодического  ",
      "Первичного",
      "Целевого"
   ],
   "correct": [1]
},
{
   "No.": 75,
   "question": " Когда проводится целевой инструктаж по охране труда?", 
   "imageUrl": "", 
   "answers": [
      "По требованию должностных лиц органов государственного надзора и контроля",
      "По решению руководства предприятия",
      "При изменении технологических процессов, замене или модернизации оборудования, приспособлений, инструмента и других факторов, влияющих на безопасность труда",
      "При выполнении работ по наряду-допуску  "
   ],
   "correct": [3]
},
{
   "No.": 76,
   "question": " Как часто осуществляется проверка знаний по охране труда у руководителей и специалистов?", 
   "imageUrl": "", 
   "answers": [
      "При поступлении на работу, далее - не реже 1 раза в год",
      "При поступлении работу в течение первого месяца, далее – не реже одного раза в 5 лет",
      "При поступлении работу в течение первого месяца, далее – не реже одного раза в 3 года  ",
      "При поступлении на работу, далее - не реже 1 раза в 5 лет"
   ],
   "correct": [2]
},
{
   "No.": 77,
   "question": " Как часто должна проводиться периодическая проверка знаний по охране труда у работников рабочих профессий?", 
   "imageUrl": "", 
   "answers": [
      "Не реже одного раза в год  ",
      "Не реже одного раза в 3 года",
      "Не реже одного раза в 5 лет"
   ],
   "correct": [0]
},
{
   "No.": 78,
   "question": " Когда проводится внеплановый инструктаж?", 
   "imageUrl": "", 
   "answers": [
      "При введении в действие новых или изменении законодательных и иных нормативных правовых актов, содержащих требования охраны труда, а также инструкций по охране труда",
      "При нарушении работниками требований охраны труда, если эти нарушения создали реальную угрозу наступления тяжких последствий (несчастный случай на производстве, авария и т.п.)",
      "По требованию должностных лиц органов государственного надзора и контроля",
      "Все варианты верны  "
   ],
   "correct": [3]
},
{
   "No.": 79,
   "question": " Что является основанием для принятия мер воздействия к лицам, допустившим нарушение правил безопасности?", 
   "imageUrl": "", 
   "answers": [
      "Протокол о выявленном нарушении",
      "Акт о выявленном нарушении  ",
      "Объяснительная"
   ],
   "correct": [1]
},
{
   "No.": 80,
   "question": " Какие меры воздействия могут быть применены к лицу, допустившему нарушение правил безопасности?", 
   "imageUrl": "", 
   "answers": [
      "Дисциплинарная ответственность",
      "Ограничение ежемесячного премирования",
      "Проведение профилактических мероприятий (внеочередная проверка знаний, обсуждение на техническом совещании)",
      "Все варианты верны  "
   ],
   "correct": [3]
},
{
   "No.": 81,
   "question": " Действителен ли будет акт о выявленном нарушении, если лицо, допустившее нарушение, отказывается от его подписания?", 
   "imageUrl": "", 
   "answers": [
      "Не действителен",
      "Действителен, если будет сделана запись: «С Актом ознакомлен, от подписи отказался» и будут подписи должностного лица, составившего акт и других членов комиссии, присутствующих при ознакомлении работника с актом  ",
      "Действителен"
   ],
   "correct": [1]
},
{
   "No.": 82,
   "question": " Руководителям и специалистам, допустившим нарушения правил экологической, промышленной безопасности и охраны труда проводится:", 
   "imageUrl": "", 
   "answers": [
      "Внеочередная проверка знаний (в соответствии с Классификатором нарушений правил безопасности)  ",
      "Очередная проверка знаний",
      "Проверка знаний не требуется"
   ],
   "correct": [0]
},
{
   "No.": 83,
   "question": " Первичные средства пожаротушения  включают в себя: ", 
   "imageUrl": "", 
   "answers": [
      "Переносные и передвижные огнетушители",
      "Пожарные краны и средства обеспечения их использования",
      "Пожарный инвентарь",
      "Покрывала для изоляции очага возгорания",
      "Все варианты верны  "
   ],
   "correct": [4]
},
{
   "No.": 84,
   "question": " Время действия огнетушителей (углекислотных, порошковых, объемом не более 5литров): ", 
   "imageUrl": "", 
   "answers": [
      "8-15сек  ",
      "20-30сек",
      "30-40 сек"
   ],
   "correct": [0]
},
{
   "No.": 85,
   "question": " Порошковые огнетушители предназначены: ", 
   "imageUrl": "", 
   "answers": [
      "Для тушения небольших очагов возгорания твердых, жидких, газообразных веществ",
      "Для тушения нефтепродуктов",
      "Для тушения ценных материалов",
      "Для тушения небольших электроустановок, находящихся под напряжение до 1000В",
      "Все варианты верны  "
   ],
   "correct": [4]
},
{
   "No.": 86,
   "question": " Углекислотные огнетушители предназначены:", 
   "imageUrl": "", 
   "answers": [
      "Для тушения загораний различных веществ и материалов",
      "Для тушения электроустановок, кабелей и проводов, находящихся под напряжением до 1000В",
      "Все варианты верны  "
   ],
   "correct": [2]
},
{
   "No.": 87,
   "question": " Асбестовое полотно, грубошерстные ткани или войлок (кошма) используются: ", 
   "imageUrl": "", 
   "answers": [
      "Для тушения небольших очагов горения любых веществ  ",
      "Для тушения больших очагов горения нефтепродуктов",
      "Для тушения электроустановок, напряжением 1000 В"
   ],
   "correct": [0]
},
{
   "No.": 88,
   "question": " Пожарные щиты комплектуются первичными средствами пожаротушения: ", 
   "imageUrl": "", 
   "answers": [
      "Огнетушителем",
      "Ломом",
      "Багром",
      "Ведром",
      "Лопатами",
      "Все варианты верны  "
   ],
   "correct": [5]
},
{
   "No.": 89,
   "question": " Первая помощь при термических ожогах 1 степени (покраснение кожи), 2 степени (образуются пузыри наполненные жидкостью): ", 
   "imageUrl": "", 
   "answers": [
      "Провести охлаждение водой (снегом) не менее 15 минут (пока не стихнет боль, либо не приедет скорая медицинская помощь)  ",
      "Смочить обожжённое место слабым раствором соды",
      "Смазать обожжённое место жиром или мазями"
   ],
   "correct": [0]
},
{
   "No.": 90,
   "question": " Первая помощь при  глубоком ожоге (третьей степени): ", 
   "imageUrl": "", 
   "answers": [
      "Срезать обгоревшую одежду по краю ожоговой раны, наложить широкую, стерильную или чистую, сухую повязку на рану  ",
      "Наложить на обожженное место увлажняющий крем",
      "Смочить обожжённое место слабым раствором марганцевокислого калия"
   ],
   "correct": [0]
},
{
   "No.": 91,
   "question": " Первая помощь при ожогах кислотами, щелочами: ", 
   "imageUrl": "", 
   "answers": [
      "Немедленно тщательно обильно промыть поряженный участок быстротекущей струей проточной воды до прибытия скорой помощи, закрыть рану широкой стерильной (или чистой сухой) повязкой  ",
      "Помыть поряженный участок слабым раствором марганцевокислого калия, наложить асептическую повязку",
      "Наложить асептическую повязку"
   ],
   "correct": [0]
},
{
   "No.": 92,
   "question": " Первая помощь при остром нарушении  сознания ", 
   "imageUrl": "", 
   "answers": [
      "При потере сознания убедиться в наличии признаков жизни пострадавшего (дыхания, кровообращения)",
      "При наличии признаков жизни следует придать пострадавшему устойчивое (стабильное боковое положение)",
      "Контролировать состояние пострадавшего до прибытия скорой медицинской помощи",
      "Все варианты верны  "
   ],
   "correct": [3]
},
{
   "No.": 93,
   "question": " При движении транспортных средств по территории: ", 
   "imageUrl": "", 
   "answers": [
      "Пассажир обязан при поездке на транспортном средстве, оборудованном ремнями безопасности, быть пристегнутыми ими  ",
      "Допускается не пристегиваться ремнями безопасности при передвижении на небольшие расстояния",
      "Допускается не пристегиваться ремнями безопасности при движении со скоростью не более 30 км/ч"
   ],
   "correct": [0]
},
{
   "No.": 94,
   "question": " Каска на территории применяется с пристегнутым подбородочным ремнем в случаях: ", 
   "imageUrl": "", 
   "answers": [
      "При нахождении на территории установки",
      "При нахождении внутри периметра",
      "Всегда при использовании каски  "
   ],
   "correct": [2]
},
{
   "No.": 95,
   "question": " В зимнее время и переходные времена года при движении к рабочему месту следует выбирать обувь: ", 
   "imageUrl": "", 
   "answers": [
      "С любой подошвой",
      "С подошвой, которая противодействует скольжению (микропор, рифленая и др.)  ",
      "С каблуком не более 3-4 см"
   ],
   "correct": [1]
},
{
   "No.": 96,
   "question": " Работники, которым спецобувь не выдается согласно нормам выдачи СИЗ, при передвижении внутри помещения должны применять: ", 
   "imageUrl": "", 
   "answers": [
      "Любую обувь",
      "Обувь с каблуком не более 3-4 см",
      "Обувь с устойчивым каблуком  "
   ],
   "correct": [2]
},
{
   "No.": 97,
   "question": " При подъеме и спуске по маршевым лестницам следует: ", 
   "imageUrl": "", 
   "answers": [
      "Держаться руками за перила  ",
      "Держаться руками за перила, если имеется опасность падения",
      "Держаться руками за перила, если ступеньки покрыты наледью"
   ],
   "correct": [0]
},
{
   "No.": 98,
   "question": " При нахождении на площадках обслуживания", 
   "imageUrl": "", 
   "answers": [
      "На перила площадки можно опираться в исключительных случаях, при выполнении производственного задания",
      "На перила площадки опираться нельзя  ",
      "На перила площадки опираться нельзя, если они находятся в неисправном состоянии"
   ],
   "correct": [1]
},
{
   "No.": 99,
   "question": " Действия руководителя при попадании здания в зону загазованности? ", 
   "imageUrl": "", 
   "answers": [
      "Проверить кабинеты, бытовые помещения на отсутствие в них работников",
      "Организовать сбор эвакуированных работников в специально установленном месте и проверку наличия по спискам в месте сбора",
      "Все варианты верны  "
   ],
   "correct": [2]
},
{
   "No.": 100,
   "question": " Обязанности персонала при проведении эвакуации? ", 
   "imageUrl": "", 
   "answers": [
      "При эвакуации сохранять спокойствие, не допуская встречных и пересекающихся потоков людей",
      "Покидая помещение, отключить все электроприборы, выключить свет, плотно закрыть за собой двери, окна и форточки",
      "При эвакуации использовать средства индивидуальной защиты органов дыхания в зависимости от сложившейся ситуации, не снимать их до особого распоряжения",
      "Все варианты верны  "
   ],
   "correct": [3]
},
{
   "No.": 101,
   "question": " Какое действие является лишним, при проведении эвакуации из здания? ", 
   "imageUrl": "", 
   "answers": [
      "Выключить приточно-вытяжную вентиляцию",
      "Немедленно оповестить работников о пожаре, задействовать все системы оповещения",
      "Открыть все эвакуационные выходы из здания",
      "Оповестить родных и близких о происшедшем  "
   ],
   "correct": [3]
},
{
   "No.": 102,
   "question": " Откуда следует начинать эвакуацию людей в случае пожара?", 
   "imageUrl": "", 
   "answers": [
      "Из помещения, в котором возник пожар, и смежных с ним помещений, которым угрожает опасность распространения огня и продуктов горения  ",
      "Из помещений верхних этажей",
      "Из помещений нижних этажей"
   ],
   "correct": [0]
},
{
   "No.": 103,
   "question": " В случае загазованности в АБК, производственных помещениях необходимо немедленно сообщить: ", 
   "imageUrl": "", 
   "answers": [
      "Сообщить диспетчеру ПДО ПУ",
      "Сообщить дежурному оператору пульта связи ВГСЧ",
      "Сообщить непосредственному руководителю",
      "Сообщить, при необходимости, в скорую помощь",
      "Все варианты верны  "
   ],
   "correct": [4]
},
{
   "No.": 104,
   "question": " Что должен сделать работник при возникновении пожара в АБК?", 
   "imageUrl": "", 
   "answers": [
      "Сообщить диспетчеру ПДО ПУ",
      "Вызвать по ручному пожарному извещателю пожарную охрану и продублировать сообщение по телефонам",
      "Сообщить непосредственному руководителю",
      "Сообщить, при необходимости, в скорую помощь",
      "Все варианты верны  "
   ],
   "correct": [4]
},
{
   "No.": 105,
   "question": " Какие медицинские осмотры  проводятся работникам? ", 
   "imageUrl": "", 
   "answers": [
      "Обязательные предварительные (при поступлении на работу), периодические и внеочередные медицинские осмотры  ",
      "Обязательные периодические и входящие медицинские осмотры",
      "Периодические медицинские осмотры"
   ],
   "correct": [0]
},
{
   "No.": 106,
   "question": " Для какой категории работников проводятся обязательные предварительные, периодические медицинские осмотры? ", 
   "imageUrl": "", 
   "answers": [
      "Для всех категорий работников",
      "Для работников занятых на работах с вредными и (или) опасными производственными факторами и работах, при выполнении которых проводятся обязательные медицинские осмотры  ",
      "Для работников занятых на работах с нормальными условиями труда"
   ],
   "correct": [1]
},
{
   "No.": 107,
   "question": " Что обеспечивают обязательные периодические медицинские осмотры? ", 
   "imageUrl": "", 
   "answers": [
      "Динамическое наблюдение за состоянием здоровья работников, своевременное выявление начальных форм профессиональных заболеваний",
      "Выявление заболеваний, состояний, являющихся медицинскими противопоказаниями для продолжения работы, связанной с воздействием вредных и (или) опасных производственных факторов",
      "Своевременное проведение профилактических и реабилитационных мероприятий, направленных на сохранение здоровья и восстановление трудоспособности работников",
      "Все варианты верны  "
   ],
   "correct": [3]
},
{
   "No.": 108,
   "question": " Какие документы представляет для прохождения предварительного медицинского осмотра  в регистратуру  медорганизации  лицо, поступающее на работу? ", 
   "imageUrl": "", 
   "answers": [
      "Направление на медицинский осмотр",
      "Страховое свидетельство обязательного пенсионного страхования, содержащее страховой номер индивидуального лицевого счета или документ, подтверждающий регистрацию в системе индивидуального (персонифицированного) учета в форме электронного документа или на бумажном носителе",
      "Паспорт (или иной документ, удостоверяющий личность)",
      "Решение врачебной комиссии, проводившей предварительное ПО",
      "Все варианты верны  "
   ],
   "correct": [4]
},
{
   "No.": 109,
   "question": " В каких случаях проводятся обязательные предварительные медицинские осмотры? ", 
   "imageUrl": "", 
   "answers": [
      "При трудоустройстве на работу, связанную с воздействием вредных и (или) опасных производственных факторов и работ",
      "Если работник переводится из одного подразделения в другое",
      "При смене профессии (должности), в том числе при временном исполнении обязанностей",
      "При направлении работника на обучение по второй профессии, допуску",
      "Все варианты верны  "
   ],
   "correct": [4]
},
{
   "No.": 110,
   "question": "Каким категориям работников обязательное психиатрическое освидетельствование? ", 
   "imageUrl": "", 
   "answers": [
      "При трудоустройстве на работу, связанную с воздействием вредных и (или) опасных производственных факторов, и занятых на тяжелых работах",
      "Ежегодно всем работникам",
      "Работникам, занятым на работах с вредными и (или) опасными производственными факторами и работах по осуществлению отдельных видов деятельности, в условиях повышенной опасности.  "
   ],
   "correct": [2]
},
{
   "No.": 111,
   "question": " Какие документы выдаются  работникам в  медорганизации по окончанию прохождения периодического медицинского осмотра? ", 
   "imageUrl": "", 
   "answers": [
      "Выписку из медицинской карты  ",
      "Заключение",
      "Выписку из медицинской карты и Заключение",
      "Направление и заключение."
   ],
   "correct": [0]
},
{
   "No.": 112,
   "question": " Углекислотные огнетушители предназначены: ", 
   "imageUrl": "", 
   "answers": [
      "Для тушения загораний различных веществ и материалов.",
      "Для тушения электроустановок, кабелей и проводов, находящихся под напряжением до 10 кВ.",
      "Все варианты верны."
   ],
   "correct": [2]
},
{
   "No.": 113,
   "question": " Асбестовое полотно, грубошерстные ткани или войлок (кошма) используются: ", 
   "imageUrl": "", 
   "answers": [
      "Для тушения небольших очагов горения любых веществ.",
      "Для тушения больших очагов горения нефтепродуктов.",
      "Для тушения электроустановок, напряжением 1000 кв."
   ],
   "correct": [0]
},
{
   "No.": 114,
   "question": " Пожарные щиты комплектуются первичными средствами пожаротушения: ", 
   "imageUrl": "", 
   "answers": [
      "Огнетушителем.",
      "Ломом.",
      "Багром.",
      "Ведром.",
      "Лопатами.",
      "Все варианты верны."
   ],
   "correct": [5]
},
{
   "No.": 115,
   "question": " Первая помощь при термических ожогах 1 степени (покраснение кожи): ", 
   "imageUrl": "", 
   "answers": [
      "Смочить обожжённое место слабым раствором марганцево-кислого калия.",
      "Смочить обожжённое место слабым раствором соды.",
      "Смазать обожжённое место вазелином."
   ],
   "correct": [0]
},
{
   "No.": 116,
   "question": " Первая помощь при  ожоге второй степени (образование пузырей, наполненных жидкостью): ", 
   "imageUrl": "", 
   "answers": [
      "Наложить на обожженное место стерильную повязку.",
      "Наложить на обожженное место увлажняющий крем.",
      "Смочить обожжённое место слабым раствором марганцевокислого калия."
   ],
   "correct": [0]
},
{
   "No.": 117,
   "question": " Первая помощь при ожогах кислотами, щелочами: ", 
   "imageUrl": "", 
   "answers": [
      "Помыть пораженный участок струей воды, наложить асептическую повязку.",
      "Помыть пораженный участок слабым раствором марганцево-кислого калия , наложить асептическую повязку.",
      "Наложить асептическую повязку."
   ],
   "correct": [0]
},
{
   "No.": 118,
   "question": " Кровотечение  из сосудов нижней части лица останавливают: ", 
   "imageUrl": "", 
   "answers": [
      "Прижатием челюстной артерии к краю нижней челюсти.",
      "Прижатием челюстной артерии к краю верхней челюсти.",
      "Прижатием челюстной артерии в центре челюсти."
   ],
   "correct": [0]
},
{
   "No.": 119,
   "question": " Кровотечение  из больших ран головы и шеи можно остановить: ", 
   "imageUrl": "", 
   "answers": [
      "Придавливанием сонной артерии к шейным позвонкам.",
      "Придавливанием сонной артерии к уху.",
      "Придавливанием сонной артерии к челюсти."
   ],
   "correct": [0]
},
{
   "No.": 120,
   "question": " Что входит в понятие «Охрана труда»:  ", 
   "imageUrl": "", 
   "answers": [
      "Система законодательных актов социально - экономических, организационных, технических, гигиенических и лечебно-профилактических мероприятий и средств, обеспечивающих безопасность труда, сохранение здоровья и работоспособности человека в процессе труда.",
      "Система оценки воздействия опасности на человека, распознания опасностей, установления причин их возникновения и определения последствий их проявлений.",
      "Организационные мероприятия и технические средства, уменьшающие воздействие вредных производственных факторов на работающих.",
      "Система, регулирующая социально-трудовые отношения в отдельной организации или у индивидуального предпринимателя между работниками и работодателем и обеспечивающая состояние трудовой деятельности, приемлемый уровень ее риска."
   ],
   "correct": [0]
}
]
}